cluster,profile_correlation
0,0.8816150130146583
1,0.30777773632713257
2,0.5864063277926197
3,0.47409842162254473
