cluster,IL_share,IN_share
0,0.33486801718845915,0.6646884272997032
1,0.12430939226519337,0.14540059347181009
2,0.38950276243093923,0.14124629080118695
3,0.15131982811540823,0.0486646884272997
